"","Lasioglossum mahense","Apis mellifera","Rhiparida seychellensis","Megachile seychellensis","Rhynchium brunneum","Neophyllomyza approximatonervis","Unidentified sp1 M_PL_115","Unidentified sp2 M_PL_115","Ceratina tabescens","Hemipyrellia sp1 M_PL_115","Lygistorrhina sp1 M_PL_115","Tricimba seychellensis","Unidentified sp4 M_PL_115","Xylocopa caffra","Hemipyrellia germana","Ornidia obesa","Phelsuma sp1 M_PL_115","Unidentified sp3 M_PL_115"
"Nephrosperma vanhoutteanum",31,29,21,0,0,4,0,3,0,0,1,2,2,0,0,0,1,0
"Canthium bibracteatum",12,11,0,10,0,0,0,0,2,2,0,0,0,0,1,1,0,0
"Erythroxylum sechellarum",17,9,0,0,0,0,2,0,0,0,1,0,0,0,0,0,0,0
"Paragenipa wrightii",13,6,0,0,0,0,1,0,0,0,0,0,0,0,0,0,0,1
"Premna serratifolia",2,0,0,1,7,0,0,0,0,0,0,0,0,0,0,0,0,0
"Ochna kirkii",0,0,0,0,0,0,0,0,0,0,0,0,0,2,0,0,0,0
