"","Apis mellifera","Lasioglossum mahense","Megachile seychellensis","Chalcidoma disjunctum","Unidentified sp3 M_PL_091","Cratopus aurostriatus","Hemipyrellia germana","Ceratina tabescens","Neophyllomyza approximatonervis","Phelsuma sp1 M_PL_091","Tricimba seychellensis","Polistes olivaceus","Rhiparida seychellensis","Unidentified sp1 M_PL_091","Unidentified sp4 M_PL_091","Geron seychellarum","Lygistorrhina sp1 M_PL_091","Melanostoma annulipes","Unidentified sp2 M_PL_091"
"Nephrosperma vanhoutteanum",27,16,1,0,0,0,3,0,1,1,0,0,1,0,2,1,0,1,1
"Phoenicophorium borsigianum",6,9,0,0,8,6,2,0,3,3,1,2,1,0,0,0,0,0,0
"Erythroxylum sechellarum",17,11,0,0,0,0,0,0,0,0,2,0,0,1,0,0,1,0,0
"Memecylon eleagni",9,2,0,8,0,0,0,0,0,0,0,0,0,0,0,0,0,0,0
"Canthium bibracteatum",1,0,11,0,0,0,0,4,0,0,0,0,0,0,0,0,0,0,0
"Paragenipa wrightii",4,6,0,0,0,0,0,0,0,0,0,0,0,1,0,0,0,0,0
