"","Apis mellifera","Lasioglossum mahense","Hemipyrellia germana","Neophyllomyza approximatonervis","Unidentified sp7 M_PL_098","Ornidia obesa","Rhiparida seychellensis","Unidentified sp1 M_PL_098","Forcipomyia sp1 M_PL_098","Melanostoma annulipes","Lygistorrhina sp1 M_PL_098","Phelsuma sp1 M_PL_098","Unidentified sp2 M_PL_098","Unidentified sp3 M_PL_098","Unidentified sp6 M_PL_098","Hemipyrellia sp1 M_PL_098","Unidentified sp4 M_PL_098","Unidentified sp5 M_PL_098"
"Canthium bibracteatum",42,26,7,0,0,5,0,0,0,0,0,0,0,0,0,1,0,0
"Nephrosperma vanhoutteanum",24,30,3,4,0,0,2,4,0,3,0,2,0,0,0,0,0,0
"Dillenia ferruginea",17,14,2,0,0,0,3,0,0,0,0,0,0,0,0,0,0,0
"Roscheria melanochaetes",0,1,0,3,5,0,0,0,3,0,0,0,1,2,1,0,1,1
"Soulamea terminaloides",0,0,2,0,0,0,0,0,0,0,2,0,1,0,1,0,0,0
"Excoecaria benthiamiana",3,0,1,0,1,0,0,0,0,0,0,0,0,0,0,0,0,0
