"","Lasioglossum mahense","Apis mellifera","Unidentified sp2 M_PL_095","Hemipyrellia sp1 M_PL_095","Ornidia obesa","Nectarinia dussumieri","Rhiparida seychellensis","Unidentified sp3 M_PL_095","Eristalinus vicarians","Hemipyrellia germana","Parasarcophaga hirticeps","Unidentified sp1 M_PL_095"
"Nephrosperma vanhoutteanum",18,8,4,0,0,0,2,0,0,0,0,1
"Psychotria pervillei",13,18,0,0,0,1,0,0,0,0,0,0
"Phoenicophorium borsigianum",18,4,0,0,1,0,0,2,0,0,0,0
"Canthium bibracteatum",7,5,0,3,0,0,0,0,0,0,0,0
"Dillenia ferruginea",4,2,0,0,0,1,0,0,0,1,1,0
"Memecylon eleagni",0,8,0,0,0,0,0,0,0,0,0,0
"Psidium cattleianum",0,3,0,0,2,0,0,0,1,0,0,0
