"","Apis mellifera","Lasioglossum mahense","Hemipyrellia germana","Megachile seychellensis","Ornidia obesa","Neophyllomyza approximatonervis","Phelsuma sp1 M_PL_090","Melanostoma annulipes","Polistes olivaceus","Ceratina tabescens","Rhiparida seychellensis","Unidentified sp2 M_PL_090","Euodynerus cylindricus","Nectarinia dussumieri","Unidentified sp5 M_PL_090","Rhynchium brunneum","Unidentified sp1 M_PL_090","Eagris sabadius","Pachycerina seychellensis","Scaptodrosophila sp1 M_PL_090","Tricimba seychellensis","Unidentified sp3 M_PL_090","Unidentified sp4 M_PL_090"
"Nephrosperma vanhoutteanum",27,23,4,3,2,0,1,4,1,4,4,3,0,0,0,0,1,0,0,0,1,0,0
"Canthium bibracteatum",44,4,3,11,0,3,0,0,1,0,0,0,0,0,1,0,0,0,0,1,0,0,0
"Deckenia nobilis",27,9,9,0,5,0,3,1,0,0,0,0,0,0,0,0,0,0,0,0,0,0,0
"Paragenipa wrightii",30,16,0,1,0,2,1,0,1,0,0,0,0,0,0,0,1,0,1,0,0,0,1
"Phoenicophorium borsigianum",22,15,2,1,5,4,2,0,1,0,0,0,0,0,0,0,0,0,0,0,0,0,0
"Medusagyne oppositifolia",25,1,0,0,2,0,0,0,0,0,0,1,0,0,0,0,0,0,0,0,0,1,0
"Psychotria pervillei",15,3,0,1,0,0,0,0,0,0,0,0,0,0,0,0,0,0,0,0,0,0,0
"Alstonia macrophylla",2,0,0,0,1,2,0,1,1,0,0,0,3,0,2,2,0,1,0,0,0,0,0
"Syzygium wrightii",0,0,0,0,0,0,0,0,0,0,0,0,0,3,0,0,0,0,0,0,0,0,0
