"","Apis mellifera","Lasioglossum mahense","Hemipyrellia germana","Ornidia obesa","Unidentified sp1 M_PL_122","Neophyllomyza approximatonervis","Cratopus aurostriatus","Scaptodrosophila sp1 M_PL_122","Rhiparida seychellensis","Dichaetomyia fasciculifera","Phelsuma sp1 M_PL_122","Unidentified sp3 M_PL_122","Megachile seychellensis","Pachycerina seychellensis","Plagiostenopterina cyanosoma","Simosyrphus aegyptius","Eristalinus vicarians","Eristalodes seychellarum","Nectarinia dussumieri","Physiphoa azurea ","Polistes olivaceus","Unidentified sp2 M_PL_122","Xylocopa caffra"
"Nephrosperma vanhoutteanum",21,20,1,1,11,7,1,1,3,0,2,0,2,0,1,0,0,0,0,0,0,0,0
"Chrysobalanus icaco",38,0,0,0,0,0,1,0,0,0,0,0,0,0,0,0,0,0,1,0,0,0,0
"Paragenipa wrightii",12,20,0,0,0,0,0,0,0,0,1,3,0,2,0,0,0,0,0,0,0,1,0
"Phoenicophorium borsigianum",1,14,7,0,0,0,1,5,0,0,1,0,0,0,1,0,0,0,0,0,0,0,1
"Cinnamomum verum",12,6,2,0,0,0,0,0,0,0,0,0,0,0,0,0,0,0,0,1,1,0,0
"Dillenia ferruginea",11,2,1,0,0,0,3,0,2,0,0,0,0,0,0,0,1,1,0,0,0,0,0
"Nepenthes pervillei",0,0,3,10,0,2,0,0,0,4,0,0,0,0,0,2,0,0,0,0,0,0,0
