"","Apis mellifera","Unidentified sp2 M_PL_084","Rhiparida seychellensis","Lasioglossum mahense","Lygistorrhina sp1 M_PL_084","Unidentified sp1 M_PL_084","Scaptodrosophila sp1 M_PL_084","Xylocopa caffra","Geron seychellarum","Phelsuma sp1 M_PL_084","Polistes olivaceus","Unidentified sp3 M_PL_084"
"Nephrosperma vanhoutteanum",7,20,13,0,8,2,0,0,1,1,0,1
"Paragenipa wrightii",22,0,0,11,0,0,0,1,0,0,1,0
"Memecylon eleagni",6,0,0,0,0,0,0,1,0,0,0,0
"Mimusops sechellarum",0,0,0,0,0,1,2,0,0,0,0,0
"Soulamea terminaloides",0,0,0,0,0,2,0,0,0,0,0,0
