"","Apis mellifera","Lasioglossum mahense","Hemipyrellia germana","Unidentified sp3 M_PL_130","Phelsuma sp1 M_PL_130","Unidentified sp2 M_PL_130","Unidentified sp1 M_PL_130","Unidentified sp5 M_PL_130","Nectarinia dussumieri","Neophyllomyza approximatonervis","Rhynchium brunneum","Unidentified sp6 M_PL_130","Unidentified sp7 M_PL_130","Hemipyrellia sp1 M_PL_130","Mabuya sechellensis","Unidentified sp4 M_PL_130","Ornidia obesa","Simosyrphus aegyptius","Forcipomyia sp1 M_PL_130","Lygistorrhina sp1 M_PL_130","Rhiparida seychellensis","Scaptodrosophila sp1 M_PL_130","Ceratina tabescens","Cratopus aurostriatus","Megachile seychellensis","Polistes olivaceus"
"Nephrosperma vanhoutteanum",16,20,3,0,0,8,1,0,0,2,0,0,0,1,0,0,1,1,2,1,0,3,0,0,0,0
"Phoenicophorium borsigianum",3,6,2,10,0,0,4,7,0,2,0,3,0,1,0,3,1,0,1,0,0,0,0,1,0,0
"Alstonia macrophylla",13,5,6,0,0,0,0,0,2,1,3,0,0,3,0,0,2,3,0,0,0,0,0,0,0,1
"Gastonia crassa",11,5,1,0,8,0,0,0,4,0,0,0,0,0,5,0,0,0,0,0,0,0,0,0,0,0
"Erythroxylum sechellarum",8,21,0,0,0,0,2,0,0,0,0,0,0,0,0,0,0,0,0,2,0,0,0,0,0,0
"Chrysobalanus icaco",14,1,0,0,0,0,0,0,0,0,3,0,0,0,0,0,0,0,0,0,0,0,0,0,0,0
"Paragenipa wrightii",8,8,0,0,0,0,0,0,0,0,0,0,0,0,0,0,0,0,0,0,0,0,1,0,0,0
"Roscheria melanochaetes",0,0,0,0,0,0,0,0,0,1,0,3,6,0,0,2,0,0,0,0,3,0,0,0,0,0
"Excoecaria benthiamiana",0,0,0,0,0,0,0,0,0,0,0,0,0,0,0,0,0,0,0,0,0,0,0,0,1,0
