"","Apis mellifera","Neophyllomyza approximatonervis","Lygistorrhina sp1 M_PL_118","Unidentified sp2 M_PL_118","Lasioglossum mahense","Nectarinia dussumieri","Unidentified sp1 M_PL_118","Hemipyrellia sp1 M_PL_118","Leptotes pirithous","Ornidia obesa","Lampides boeticus ","Megachile seychellensis","Phelsuma sp1 M_PL_118"
"Cinnamomum verum",22,0,0,0,1,0,0,1,0,2,0,1,0
"Nephrosperma vanhoutteanum",5,9,5,0,0,0,4,0,0,0,0,0,0
"Memecylon eleagni",10,0,0,0,0,0,0,0,0,0,0,0,0
"Chrysobalanus icaco",3,0,0,0,0,4,0,0,2,0,0,0,0
"Roscheria melanochaetes",0,0,0,5,0,0,0,0,0,0,0,0,0
"Erythroxylum sechellarum",0,0,0,0,3,0,0,0,0,0,0,0,0
"Nepenthes pervillei",1,0,0,0,0,0,0,2,0,0,0,0,0
"Mimusops sechellarum",0,0,0,0,0,0,0,0,0,0,0,0,1
"Timonius sechellensis",0,0,0,0,0,0,0,0,0,0,1,0,0
