"","Lasioglossum mahense","Apis mellifera","Phelsuma sp1 M_PL_099","Rhiparida seychellensis","Cratopus aurostriatus","Hemipyrellia germana","Unidentified sp2 M_PL_099","Neophyllomyza approximatonervis","Unidentified sp1 M_PL_099","Unidentified sp4 M_PL_099","Melanostoma annulipes","Nectarinia dussumieri","Unidentified sp3 M_PL_099","Mabuya sechellensis","Pachycerina seychellensis","Tricimba seychellensis","Ceratina tabescens","Forcipomyia sp1 M_PL_099","Lygistorrhina sp1 M_PL_099"
"Nephrosperma vanhoutteanum",59,11,2,7,3,3,6,0,0,2,0,0,0,0,0,1,0,0,0
"Phoenicophorium borsigianum",26,1,0,1,3,3,0,2,0,3,4,0,3,0,2,1,0,1,0
"Northea hornei",1,9,5,0,0,0,0,3,0,0,0,3,0,2,0,0,0,0,0
"Paragenipa wrightii",12,0,1,0,0,0,0,0,3,0,0,1,0,0,0,0,0,0,0
"Erythroxylum sechellarum",11,0,0,0,0,0,0,0,1,0,0,0,0,0,0,0,0,0,1
"Pittosporum senacia",9,1,0,0,0,0,0,0,0,0,0,0,0,0,0,0,1,0,0
"Memecylon eleagni",5,0,0,0,0,0,0,0,1,0,0,0,0,0,0,0,0,0,0
"Colea seychellarum",0,1,1,0,0,0,0,0,0,0,0,0,0,0,0,0,0,0,0
